"0xce38c42099d01b297299a94a99e0b60eb7e8ceca",50000
"0x1f9ab371845e2b872f3d96fedc2cb083cbebeb83",60000
"0x77513c346f3cda7742ad67db6843a7ab02ade758",70000
"0xe5331f3057532040fb358341d1c7a8d261046510",80000
"0xc374db35ea3f53a8d85c75e1ab5e23a5dfb0c026",90000
"0xf7d0b9eff6ae693195553a398d84e320a77c3f49",100000
"0xf02c78aa8326ab8c6c725219febeef2d0ec42797",200000
"0x279b065cdbdf6158a176d654b590bfe3d24f6a0c",300000
"0xba893462c1b714bfd801e918a4541e056f9bd924",400000
"0x2418c46f2fa422fe8cd0bf56df5e27cbdebb2590",500000
